USE robotDB_new;INSERT INTO robotDB_new.tiles(id, rfid, is_locked, tiles.type) VALUES(0,"046C6B32062780",0,"end");
INSERT INTO robotDB_new.tiles(id, rfid, is_locked, tiles.type) VALUES(1,"04AA888AC84880",0,"crossing");
INSERT INTO robotDB_new.tiles(id, rfid, is_locked, tiles.type) VALUES(2,"04703932062780",0,"end");
INSERT INTO robotDB_new.tiles(id, rfid, is_locked, tiles.type) VALUES(3,"0496888AC84880",0,"crossing");
INSERT INTO robotDB_new.tiles(id, rfid, is_locked, tiles.type) VALUES(4,"04368A9AF61F80",0,"end");
INSERT INTO robotDB_new.tiles(id, rfid, is_locked, tiles.type) VALUES(5,"04C4FD12A93480",0,"tlight");
INSERT INTO robotDB_new.points(id, tile_id) VALUES(0,0);
INSERT INTO robotDB_new.points(id, tile_id) VALUES(1,1);
INSERT INTO robotDB_new.points(id, tile_id) VALUES(2,1);
INSERT INTO robotDB_new.points(id, tile_id) VALUES(3,1);
INSERT INTO robotDB_new.points(id, tile_id) VALUES(4,1);
INSERT INTO robotDB_new.points(id, tile_id) VALUES(6,1);
INSERT INTO robotDB_new.points(id, tile_id) VALUES(7,1);
INSERT INTO robotDB_new.points(id, tile_id) VALUES(8,1);
INSERT INTO robotDB_new.points(id, tile_id) VALUES(9,2);
INSERT INTO robotDB_new.points(id, tile_id) VALUES(10,3);
INSERT INTO robotDB_new.points(id, tile_id) VALUES(11,3);
INSERT INTO robotDB_new.points(id, tile_id) VALUES(12,3);
INSERT INTO robotDB_new.points(id, tile_id) VALUES(14,3);
INSERT INTO robotDB_new.points(id, tile_id) VALUES(15,3);
INSERT INTO robotDB_new.points(id, tile_id) VALUES(16,4);
INSERT INTO robotDB_new.points(id, tile_id) VALUES(17,5);
INSERT INTO robotDB_new.link_locks(id, status) VALUES(1,0);
INSERT INTO robotDB_new.link_locks(id, status) VALUES(2,0);
INSERT INTO robotDB_new.link_locks(id, status) VALUES(3,0);
INSERT INTO robotDB_new.link_locks(id, status) VALUES(4,0);
INSERT INTO robotDB_new.link_locks(id, status) VALUES(5,0);
INSERT INTO robotDB_new.link_locks(id, status) VALUES(6,0);
INSERT INTO robotDB_new.link_locks(id, status) VALUES(7,0);
INSERT INTO robotDB_new.link_locks(id, status) VALUES(8,0);
INSERT INTO robotDB_new.links(id, start, end, weight, angle, link_lock_id, length) VALUES(0,0,1,1,0,1,13);
INSERT INTO robotDB_new.links(id, start, end, weight, angle, link_lock_id, length) VALUES(1,2,0,2,0,1,13);
INSERT INTO robotDB_new.links(id, start, end, weight, angle, link_lock_id, length) VALUES(2,1,6,1,0,2,0);
INSERT INTO robotDB_new.links(id, start, end, weight, angle, link_lock_id, length) VALUES(3,3,2,1,90,2,0);
INSERT INTO robotDB_new.links(id, start, end, weight, angle, link_lock_id, length) VALUES(4,3,8,1,0,2,0);
INSERT INTO robotDB_new.links(id, start, end, weight, angle, link_lock_id, length) VALUES(5,7,4,1,0,2,0);
INSERT INTO robotDB_new.links(id, start, end, weight, angle, link_lock_id, length) VALUES(6,8,9,3,0,3,13);
INSERT INTO robotDB_new.links(id, start, end, weight, angle, link_lock_id, length) VALUES(7,9,7,4,0,3,13);
INSERT INTO robotDB_new.links(id, start, end, weight, angle, link_lock_id, length) VALUES(8,6,17,5,0,4,13);
INSERT INTO robotDB_new.links(id, start, end, weight, angle, link_lock_id, length) VALUES(9,17,12,6,0,5,13);
INSERT INTO robotDB_new.links(id, start, end, weight, angle, link_lock_id, length) VALUES(10,12,11,1,0,6,0);
INSERT INTO robotDB_new.links(id, start, end, weight, angle, link_lock_id, length) VALUES(11,4,14,7,0,7,13);
INSERT INTO robotDB_new.links(id, start, end, weight, angle, link_lock_id, length) VALUES(12,15,3,8,0,7,13);
INSERT INTO robotDB_new.links(id, start, end, weight, angle, link_lock_id, length) VALUES(13,14,11,1,-90,6,0);
INSERT INTO robotDB_new.links(id, start, end, weight, angle, link_lock_id, length) VALUES(14,12,15,1,-90,6,0);
INSERT INTO robotDB_new.links(id, start, end, weight, angle, link_lock_id, length) VALUES(15,10,15,1,90,6,0);
INSERT INTO robotDB_new.links(id, start, end, weight, angle, link_lock_id, length) VALUES(16,11,16,9,0,8,13);
INSERT INTO robotDB_new.links(id, start, end, weight, angle, link_lock_id, length) VALUES(17,16,10,10,0,8,13);
